{
  "project_info": {
    "project_number": "595803220953",
    "project_id": "testing-6f4a7",
    "storage_bucket": "testing-6f4a7.appspot.com"
  },
  "client": [
    {
      "client_info": {
        "mobilesdk_app_id": "1:595803220953:android:6eb70fc2ec38a17e7d07c8",
        "android_client_info": {
          "package_name": "com.example.soilpedialk"
        }
      },
      "oauth_client": [
        {
          "client_id": "595803220953-relnec3jm5i9hun7bse01vbi2q3mosrb.apps.googleusercontent.com",
          "client_type": 1,
          "android_info": {
            "package_name": "com.example.soilpedialk",
            "certificate_hash": "b9ce1a5f28f82777e8497186f1570dbb06270f2c"
          }
        },
        {
          "client_id": "595803220953-llpmht3sjt6n9ovta66pvt9p8pu9804b.apps.googleusercontent.com",
          "client_type": 3
        }
      ],
      "api_key": [
        {
          "current_key": "AIzaSyCamzGQksw5nznuXw2q7Dr4d1DHGM50PYg"
        }
      ],
      "services": {
        "appinvite_service": {
          "other_platform_oauth_client": [
            {
              "client_id": "595803220953-llpmht3sjt6n9ovta66pvt9p8pu9804b.apps.googleusercontent.com",
              "client_type": 3
            }
          ]
        }
      }
    }
  ],
  "configuration_version": "1"
}